[{"name": "Serial Monitor", "file": "/system/serialmon_esp32.py", "description": "Serial monitoring tool"}, {"name": "File Manager", "file": "filemgr.py", "description": "Browse and manage files"}, {"name": "Network Tools", "file": "wifi_config.py", "description": "WiFi Scan/Config "}, {"name": "Settings", "file": "/system/settings.py", "description": "System configuration"}, {"name": "Terminal", "file": "/system/terminal.py", "description": "Command line interface"}, {"name": "Recovery Mode", "file": "recovery.py", "description": "System recovery tools"}, {"name": "Boot Menu", "file": "bootmenu.py", "description": "Boot options menu"}, {"name": "Reboot System", "file": "REBOOT", "description": "Restart the device"}]